data origin,task name,training split,#training instances,test split,#test instances,model name,accuracy,macro-f1,precision,recall,test,seed
llms/mistral-20240118,speech,combined,31912,gpt3.5_combined,3800,bert-base-uncased,0.6547368421052632,0.6543568261060428,0.6554203472111702,0.6547368421052631,False,0
llms/mistral-20240118,speech,combined,31912,gpt3.5_orig,1900,bert-base-uncased,0.7221052631578947,0.7003455345749638,0.6962066244137495,0.7104412384358092,False,0
llms/mistral-20240118,speech,combined,31912,gpt3.5_new,1900,bert-base-uncased,0.5873684210526315,0.5696046580703171,0.5751534545811222,0.5838072119035811,False,0
llms/mistral-20240118,speech,combined,31912,gpt4_combined,4586,bert-base-uncased,0.7655909289140863,0.7644512195267619,0.7708326545241275,0.7655909289140863,False,0
llms/mistral-20240118,speech,combined,31912,gpt4_orig,2293,bert-base-uncased,0.6977758395115569,0.6808539354276355,0.6782945248979746,0.6873938416596721,False,0
llms/mistral-20240118,speech,combined,31912,gpt4_new,2293,bert-base-uncased,0.8334060183166158,0.8070834544669678,0.8402799024786359,0.7921824502501537,False,0
llms/mistral-20240118,speech,combined,31912,mistral_combined,4836,bert-base-uncased,0.7723325062034739,0.7721043952043631,0.7734272489123464,0.772332506203474,False,0
llms/mistral-20240118,speech,combined,31912,mistral_new,2418,bert-base-uncased,0.8387096774193549,0.8361880819716213,0.8452110127135231,0.8342598492672102,False,0
llms/mistral-20240118,speech,combined,31912,mistral_orig,2418,bert-base-uncased,0.705955334987593,0.704864539155021,0.7048750004291978,0.7048543209334007,False,0
llms/mistral-20240118,speech,combined,31912,mixtral_56b_orig,2448,bert-base-uncased,0.7071078431372549,0.7061329291023692,0.7061427801236995,0.7061233154487181,False,0
llms/mistral-20240118,speech,combined,31912,mixtral_56b_combined,4896,bert-base-uncased,0.7712418300653595,0.7709721654196839,0.7725253500724287,0.7712418300653595,False,0
llms/mistral-20240118,speech,combined,31912,mixtral_56b_new,2448,bert-base-uncased,0.8353758169934641,0.8327104130198231,0.8428647761535819,0.8308745335758426,False,0
llms/mistral-20240118,speech,combined,31912,counterfactually_orig,3006,bert-base-uncased,0.7042581503659348,0.7041661855724427,0.7045564152937255,0.7042828590463501,False,0
llms/mistral-20240118,speech,combined,31912,counterfactually_new,3006,bert-base-uncased,0.843313373253493,0.843294487505018,0.8434457549175216,0.843300258299561,False,0
llms/mistral-20240118,speech,combined,31912,counterfactually_combined,6012,bert-base-uncased,0.7737857618097139,0.7737394632189925,0.7740100391642595,0.7737857618097139,False,0
llms/mixtral_56b-20240514,speech,combined,43666,gpt3.5_combined,3800,bert-base-uncased,0.661578947368421,0.6605422377204622,0.6635772175327407,0.661578947368421,False,0
llms/mixtral_56b-20240514,speech,combined,43666,gpt3.5_orig,1900,bert-base-uncased,0.728421052631579,0.7015615962984384,0.6983732460120198,0.7062437618935753,False,0
llms/mixtral_56b-20240514,speech,combined,43666,gpt3.5_new,1900,bert-base-uncased,0.5947368421052631,0.5796460176991151,0.5867991571614066,0.5971305021186256,False,0
llms/mixtral_56b-20240514,speech,combined,43666,gpt4_combined,4586,bert-base-uncased,0.780418665503707,0.780098454480552,0.7820615684347945,0.7804186655037069,False,0
llms/mixtral_56b-20240514,speech,combined,43666,gpt4_orig,2293,bert-base-uncased,0.7021369385085041,0.6791300618969676,0.67787619256765,0.6806732338887163,False,0
llms/mixtral_56b-20240514,speech,combined,43666,gpt4_new,2293,bert-base-uncased,0.8587003924989097,0.839723963439049,0.8612878815506364,0.8273766250074353,False,0
llms/mixtral_56b-20240514,speech,combined,43666,mistral_combined,4836,bert-base-uncased,0.7839123242349049,0.7838967911990546,0.78399397575005,0.7839123242349049,False,0
llms/mixtral_56b-20240514,speech,combined,43666,mistral_new,2418,bert-base-uncased,0.8647642679900744,0.8629128832096604,0.8705377191615724,0.860885967128826,False,0
llms/mixtral_56b-20240514,speech,combined,43666,mistral_orig,2418,bert-base-uncased,0.7034739454094293,0.7004987179205904,0.7032024678800969,0.7000079651073366,False,0
llms/mixtral_56b-20240514,speech,combined,43666,mixtral_56b_orig,2448,bert-base-uncased,0.7066993464052288,0.7041328323839535,0.7064482233378495,0.703674337496886,False,0
llms/mixtral_56b-20240514,speech,combined,43666,mixtral_56b_combined,4896,bert-base-uncased,0.7943218954248366,0.7943204453346628,0.7943301958186311,0.7943218954248366,False,0
llms/mixtral_56b-20240514,speech,combined,43666,mixtral_56b_new,2448,bert-base-uncased,0.8819444444444444,0.8807890577042551,0.8854731489140091,0.8791897813933928,False,0
llms/mixtral_56b-20240514,speech,combined,43666,counterfactually_orig,3006,bert-base-uncased,0.6976047904191617,0.6965998738411613,0.7003990335597455,0.6976826080508897,False,0
llms/mixtral_56b-20240514,speech,combined,43666,counterfactually_new,3006,bert-base-uncased,0.8180306054557551,0.8176628452292912,0.8204812342726607,0.8179722931113478,False,0
llms/mixtral_56b-20240514,speech,combined,43666,counterfactually_combined,6012,bert-base-uncased,0.7578176979374585,0.757180393061942,0.7605530908028613,0.7578176979374585,False,0
llms/gpt4-20240318,speech,combined,42336,gpt3.5_combined,3800,bert-base-uncased,0.6555263157894737,0.6553372525191969,0.6558683193788921,0.6555263157894737,False,0
llms/gpt4-20240318,speech,combined,42336,gpt3.5_orig,1900,bert-base-uncased,0.7126315789473684,0.6910657427823024,0.6872697654188669,0.7017591615487782,False,0
llms/gpt4-20240318,speech,combined,42336,gpt3.5_new,1900,bert-base-uncased,0.598421052631579,0.578505863324486,0.5819887955182073,0.5909536114829633,False,0
llms/gpt4-20240318,speech,combined,42336,gpt4_combined,4586,bert-base-uncased,0.7882686436982119,0.7877016539558785,0.7913814383045478,0.7882686436982119,False,0
llms/gpt4-20240318,speech,combined,42336,gpt4_orig,2293,bert-base-uncased,0.6894897514173571,0.6725867598479707,0.6702421846815052,0.6793282861995811,False,0
llms/gpt4-20240318,speech,combined,42336,gpt4_new,2293,bert-base-uncased,0.8870475359790667,0.8731900791858707,0.889877507330179,0.8622890877487492,False,0
llms/gpt4-20240318,speech,combined,42336,mistral_combined,4836,bert-base-uncased,0.7653019023986766,0.7648794032744923,0.7672226415185353,0.7653019023986767,False,0
llms/gpt4-20240318,speech,combined,42336,mistral_new,2418,bert-base-uncased,0.8316790736145575,0.827885095830718,0.8437750247303217,0.8257248247676385,False,0
llms/gpt4-20240318,speech,combined,42336,mistral_orig,2418,bert-base-uncased,0.6989247311827957,0.6976985090867125,0.6977898730001649,0.6976225527894355,False,0
llms/gpt4-20240318,speech,combined,42336,mixtral_56b_orig,2448,bert-base-uncased,0.7001633986928104,0.6991511149360239,0.699170524691358,0.6991326452712023,False,0
llms/gpt4-20240318,speech,combined,42336,mixtral_56b_combined,4896,bert-base-uncased,0.7694035947712419,0.7691477205359601,0.7706033302967499,0.7694035947712419,False,0
llms/gpt4-20240318,speech,combined,42336,mixtral_56b_new,2448,bert-base-uncased,0.8386437908496732,0.8360995572809978,0.845904330777691,0.8342469844824401,False,0
llms/gpt4-20240318,speech,combined,42336,counterfactually_orig,3006,bert-base-uncased,0.6969394544244844,0.6968589056343322,0.6971890721890722,0.6969623794546713,False,0
llms/gpt4-20240318,speech,combined,42336,counterfactually_new,3006,bert-base-uncased,0.850964737192282,0.8509498916231034,0.851074184370468,0.850952963804861,False,0
llms/gpt4-20240318,speech,combined,42336,counterfactually_combined,6012,bert-base-uncased,0.7739520958083832,0.7739130574344615,0.7741414395343416,0.7739520958083832,False,0
llms/gpt3.5-20240313,speech,combined,39684,gpt3.5_combined,3800,bert-base-uncased,0.7371052631578947,0.73667838672818,0.7386528042924325,0.7371052631578947,False,0
llms/gpt3.5-20240313,speech,combined,39684,gpt3.5_orig,1900,bert-base-uncased,0.7152631578947368,0.6903429724965875,0.6866355658285415,0.6975138310394503,False,0
llms/gpt3.5-20240313,speech,combined,39684,gpt3.5_new,1900,bert-base-uncased,0.7589473684210526,0.7220816981440601,0.7298009248094837,0.7167554761718318,False,0
llms/gpt3.5-20240313,speech,combined,39684,gpt4_combined,4586,bert-base-uncased,0.7250327082424771,0.7229565483254188,0.7319867300362336,0.725032708242477,False,0
llms/gpt3.5-20240313,speech,combined,39684,gpt4_orig,2293,bert-base-uncased,0.6969036197121675,0.6776790570216022,0.6752906865831092,0.682183821634161,False,0
llms/gpt3.5-20240313,speech,combined,39684,gpt4_new,2293,bert-base-uncased,0.7531617967727867,0.7010967296176878,0.7527311947290848,0.6903898200347638,False,0
llms/gpt3.5-20240313,speech,combined,39684,mistral_combined,4836,bert-base-uncased,0.7061621174524401,0.7041277924679117,0.7119924944463722,0.7061621174524401,False,0
llms/gpt3.5-20240313,speech,combined,39684,mistral_new,2418,bert-base-uncased,0.7100909842845327,0.6920667984497771,0.7404244304260728,0.6980276746281119,False,0
llms/gpt3.5-20240313,speech,combined,39684,mistral_orig,2418,bert-base-uncased,0.7022332506203474,0.7004989619581934,0.7011570624275543,0.7001912999055173,False,0
llms/gpt3.5-20240313,speech,combined,39684,mixtral_56b_orig,2448,bert-base-uncased,0.7054738562091504,0.7041297102881429,0.7044863146853475,0.7039214451983424,False,0
llms/gpt3.5-20240313,speech,combined,39684,mixtral_56b_combined,4896,bert-base-uncased,0.7318218954248366,0.7307771058051391,0.7354772183367942,0.7318218954248366,False,0
llms/gpt3.5-20240313,speech,combined,39684,mixtral_56b_new,2448,bert-base-uncased,0.7581699346405228,0.7489145508059525,0.7785762112009182,0.7496417273163166,False,0
llms/gpt3.5-20240313,speech,combined,39684,counterfactually_orig,3006,bert-base-uncased,0.6966067864271457,0.69622905770765,0.6976752568030276,0.6966549432161504,False,0
llms/gpt3.5-20240313,speech,combined,39684,counterfactually_new,3006,bert-base-uncased,0.7934131736526946,0.793206632848902,0.7944995467391884,0.7933725246292063,False,0
llms/gpt3.5-20240313,speech,combined,39684,counterfactually_combined,6012,bert-base-uncased,0.7450099800399201,0.7447246397693448,0.7461103635263102,0.7450099800399201,False,0
llms/counterfactually-augmented-data,speech,combined,48092,gpt3.5_combined,6018,bert-base-uncased,0.6209704220671319,0.6200574497722748,0.6221444362564481,0.6209704220671319,False,0
llms/counterfactually-augmented-data,speech,combined,48092,gpt3.5_orig,3009,bert-base-uncased,0.942173479561316,0.9421729622266402,0.942192159686847,0.9421745776489715,False,0
llms/counterfactually-augmented-data,speech,combined,48092,gpt3.5_new,3009,bert-base-uncased,0.29976736457294784,0.29254630696416345,0.29125,0.2998009737046724,False,0
llms/counterfactually-augmented-data,speech,combined,48092,gpt4_combined,4594,bert-base-uncased,0.8332607749238137,0.8319998365354062,0.8435757126346158,0.8332607749238137,False,0
llms/counterfactually-augmented-data,speech,combined,48092,gpt4_orig,2297,bert-base-uncased,0.9434044405746626,0.9390034153675197,0.9364731062267492,0.9417868641127587,False,0
llms/counterfactually-augmented-data,speech,combined,48092,gpt4_new,2297,bert-base-uncased,0.7231171092729647,0.655935585249497,0.7187219889043195,0.6504601539711198,False,0
llms/counterfactually-augmented-data,speech,combined,48092,mistral_combined,4994,bert-base-uncased,0.7911493792551061,0.7894929341252412,0.8006112181971133,0.7911493792551061,False,0
llms/counterfactually-augmented-data,speech,combined,48092,mistral_new,2497,bert-base-uncased,0.632358830596716,0.6122230026552768,0.6457137227119101,0.6222471876865441,False,0
llms/counterfactually-augmented-data,speech,combined,48092,mistral_orig,2497,bert-base-uncased,0.9499399279134962,0.9498121361932603,0.9497588377910828,0.9498681969288405,False,0
llms/counterfactually-augmented-data,speech,combined,48092,mixtral_56b_orig,2516,bert-base-uncased,0.9471383147853736,0.9470563432537689,0.9471301254541542,0.946990075014791,False,0
llms/counterfactually-augmented-data,speech,combined,48092,mixtral_56b_combined,5032,bert-base-uncased,0.8026629570747218,0.8014394516765132,0.8103113569932838,0.8026629570747218,False,0
llms/counterfactually-augmented-data,speech,combined,48092,mixtral_56b_new,2516,bert-base-uncased,0.6581875993640699,0.6444821251942913,0.6734490202530455,0.6517617876995991,False,0
llms/counterfactually-augmented-data,speech,combined,48092,counterfactually_orig,3006,bert-base-uncased,0.9421157684630739,0.9421155378486057,0.9421318358791383,0.942120092695678,False,0
llms/counterfactually-augmented-data,speech,combined,48092,counterfactually_new,3006,bert-base-uncased,0.9447771124417831,0.9447755478774383,0.9448488833104218,0.9447858681145017,False,0
llms/counterfactually-augmented-data,speech,combined,48092,counterfactually_combined,6012,bert-base-uncased,0.9434464404524284,0.9434462839852674,0.9434513480396497,0.9434464404524285,False,0
llms/counterfactually-augmented-data,speech,orig,24046,gpt3.5_combined,6018,bert-base-uncased,0.5864074443336657,0.5858489240182957,0.5868760854791211,0.5864074443336658,False,0
llms/counterfactually-augmented-data,speech,orig,24046,gpt3.5_orig,3009,bert-base-uncased,0.7012296444001329,0.7012211965660922,0.701255673262497,0.7012314890082703,False,0
llms/counterfactually-augmented-data,speech,orig,24046,gpt3.5_new,3009,bert-base-uncased,0.4715852442671984,0.4682866425010602,0.470885962392518,0.4716114723969746,False,0
llms/counterfactually-augmented-data,speech,orig,24046,gpt4_combined,4594,bert-base-uncased,0.7218110579016108,0.7185833215260178,0.7324767165030011,0.7218110579016108,False,0
llms/counterfactually-augmented-data,speech,orig,24046,gpt4_orig,2297,bert-base-uncased,0.6917718763604702,0.6773891763988935,0.6753849869039437,0.6862945314272748,False,0
llms/counterfactually-augmented-data,speech,orig,24046,gpt4_new,2297,bert-base-uncased,0.7518502394427514,0.6970414283334259,0.7556127964326735,0.6866262665127614,False,0
llms/counterfactually-augmented-data,speech,orig,24046,mistral_combined,4994,bert-base-uncased,0.6882258710452543,0.685379594925406,0.6952928952451699,0.6882258710452543,False,0
llms/counterfactually-augmented-data,speech,orig,24046,mistral_new,2497,bert-base-uncased,0.6736083299959952,0.6563225070249328,0.6938975748382616,0.6637937799757107,False,0
llms/counterfactually-augmented-data,speech,orig,24046,mistral_orig,2497,bert-base-uncased,0.7028434120945134,0.7024986736855356,0.7024738630792411,0.7029609698235936,False,0
llms/counterfactually-augmented-data,speech,orig,24046,mixtral_56b_orig,2516,bert-base-uncased,0.7094594594594594,0.7093304772051034,0.7093751263800704,0.7096630187521158,False,0
llms/counterfactually-augmented-data,speech,orig,24046,mixtral_56b_combined,5032,bert-base-uncased,0.7108505564387917,0.7088123135647488,0.7169242233279132,0.7108505564387917,False,0
llms/counterfactually-augmented-data,speech,orig,24046,mixtral_56b_new,2516,bert-base-uncased,0.712241653418124,0.7016525866502445,0.7327120090556227,0.7061887993520444,False,0
llms/counterfactually-augmented-data,speech,orig,24046,counterfactually_orig,3006,bert-base-uncased,0.7009314703925482,0.700925876841702,0.7009581261422075,0.7009384662716549,False,0
llms/counterfactually-augmented-data,speech,orig,24046,counterfactually_new,3006,bert-base-uncased,0.8236859614105123,0.8236859614105123,0.8236874199038957,0.8236874199038957,False,0
llms/counterfactually-augmented-data,speech,orig,24046,counterfactually_combined,6012,bert-base-uncased,0.7623087159015303,0.7623076045177654,0.762313621924714,0.7623087159015303,False,0
llms/counterfactually-augmented-data,speech,combined,48092,gpt3.5_combined,6018,bert-base-uncased,0.6234629444998339,0.62206504850236,0.62531702190272,0.6234629444998339,False,1
llms/counterfactually-augmented-data,speech,combined,48092,gpt3.5_orig,3009,bert-base-uncased,0.943502824858757,0.9435014208310802,0.9435424223813795,0.9435012723545628,False,1
llms/counterfactually-augmented-data,speech,combined,48092,gpt3.5_new,3009,bert-base-uncased,0.3034230641409106,0.29381382349779644,0.29211464844334123,0.30346186470629816,False,1
llms/counterfactually-augmented-data,speech,combined,48092,gpt4_combined,4594,bert-base-uncased,0.8308663474096648,0.8290850196613577,0.8452599635144479,0.8308663474096647,False,1
llms/counterfactually-augmented-data,speech,combined,48092,gpt4_orig,2297,bert-base-uncased,0.9429690901175446,0.9388523820293995,0.9345007690129606,0.9440814678887015,False,1
llms/counterfactually-augmented-data,speech,combined,48092,gpt4_new,2297,bert-base-uncased,0.7187636047017849,0.6417509097089704,0.7213136725716945,0.6391515638822296,False,1
llms/counterfactually-augmented-data,speech,combined,48092,mistral_combined,4994,bert-base-uncased,0.7887464957949539,0.7862938918449565,0.8026394974166149,0.7887464957949539,False,1
llms/counterfactually-augmented-data,speech,combined,48092,mistral_new,2497,bert-base-uncased,0.6283540248297957,0.6019596122001662,0.6482043803968662,0.6166965351680699,False,1
llms/counterfactually-augmented-data,speech,combined,48092,mistral_orig,2497,bert-base-uncased,0.9491389667601121,0.949043641321508,0.9487837698958159,0.9494385021922152,False,1
llms/counterfactually-augmented-data,speech,combined,48092,mixtral_56b_orig,2516,bert-base-uncased,0.9483306836248012,0.9482783921708526,0.9481490380815378,0.9484666419886671,False,1
llms/counterfactually-augmented-data,speech,combined,48092,mixtral_56b_combined,5032,bert-base-uncased,0.8032591414944356,0.8015127753977968,0.8143212117877905,0.8032591414944357,False,1
llms/counterfactually-augmented-data,speech,combined,48092,mixtral_56b_new,2516,bert-base-uncased,0.6581875993640699,0.6409026094206804,0.6796365304522127,0.6508993232533197,False,1
llms/counterfactually-augmented-data,speech,combined,48092,counterfactually_orig,3006,bert-base-uncased,0.9434464404524284,0.9434444125709187,0.9434896157304495,0.9434401428947701,False,1
llms/counterfactually-augmented-data,speech,combined,48092,counterfactually_new,3006,bert-base-uncased,0.9441117764471058,0.9441082136382652,0.9442562279344986,0.9441240723238771,False,1
llms/counterfactually-augmented-data,speech,combined,48092,counterfactually_combined,6012,bert-base-uncased,0.9437791084497671,0.9437763644784876,0.9438657591890083,0.9437791084497671,False,1
llms/counterfactually-augmented-data,speech,orig,24046,gpt3.5_combined,3800,bert-base-uncased,0.641578947368421,0.6415788480827833,0.6415791042427748,0.641578947368421,False,1
llms/counterfactually-augmented-data,speech,orig,24046,gpt3.5_orig,1900,bert-base-uncased,0.7063157894736842,0.6898327636304487,0.6878928823114869,0.7071237777040288,False,1
llms/counterfactually-augmented-data,speech,orig,24046,gpt3.5_new,1900,bert-base-uncased,0.5768421052631579,0.5533207949696833,0.5564594741094762,0.5622729267113387,False,1
llms/counterfactually-augmented-data,speech,orig,24046,gpt4_combined,4586,bert-base-uncased,0.71652856519843,0.7125429777612085,0.7292423315866764,0.71652856519843,False,1
llms/counterfactually-augmented-data,speech,orig,24046,gpt4_orig,2293,bert-base-uncased,0.68512865242041,0.6726902120188848,0.6718826262816002,0.6844503228535361,False,1
llms/counterfactually-augmented-data,speech,orig,24046,gpt4_new,2293,bert-base-uncased,0.74792847797645,0.6906038733051956,0.7505917044525043,0.6807104099612047,False,1
llms/counterfactually-augmented-data,speech,orig,24046,mistral_combined,4836,bert-base-uncased,0.6921009098428453,0.6889202525944718,0.7002925314078048,0.6921009098428453,False,1
llms/counterfactually-augmented-data,speech,orig,24046,mistral_new,2418,bert-base-uncased,0.6832092638544252,0.6653897849462365,0.7039135525448936,0.6717242809430687,False,1
llms/counterfactually-augmented-data,speech,orig,24046,mistral_orig,2418,bert-base-uncased,0.7009925558312655,0.7007488749928749,0.7010946420691471,0.7018282667926435,False,1
llms/counterfactually-augmented-data,speech,orig,24046,mixtral_56b_orig,2448,bert-base-uncased,0.7038398692810458,0.7036558627733622,0.7040611576702411,0.7047196901309605,False,1
llms/counterfactually-augmented-data,speech,orig,24046,mixtral_56b_combined,4896,bert-base-uncased,0.7091503267973857,0.7069941115596197,0.7154935505434379,0.7091503267973855,False,1
llms/counterfactually-augmented-data,speech,orig,24046,mixtral_56b_new,2448,bert-base-uncased,0.7144607843137255,0.7029942497782202,0.7308924924111626,0.7055313284349309,False,1
llms/counterfactually-augmented-data,speech,orig,24046,counterfactually_orig,3006,bert-base-uncased,0.698270126413839,0.6982083722641561,0.6983996122849669,0.6982523279054274,False,1
llms/counterfactually-augmented-data,speech,orig,24046,counterfactually_new,3006,bert-base-uncased,0.8512974051896207,0.8512723704592886,0.8515771744292366,0.8513161768123576,False,1
llms/counterfactually-augmented-data,speech,orig,24046,counterfactually_combined,6012,bert-base-uncased,0.7747837658017299,0.7747418603763081,0.7749883933571018,0.7747837658017298,False,1
llms/counterfactually-augmented-data,speech,combined,48092,gpt3.5_combined,3800,bert-base-uncased,0.69,0.6885643766737473,0.6935691797453094,0.69,False,2
llms/counterfactually-augmented-data,speech,combined,48092,gpt3.5_orig,1900,bert-base-uncased,0.9436842105263158,0.9375609456460814,0.9329312154910957,0.9428567699690876,False,2
llms/counterfactually-augmented-data,speech,combined,48092,gpt3.5_new,1900,bert-base-uncased,0.4363157894736842,0.41800653294745416,0.43211068781848583,0.4238923049577953,False,2
llms/counterfactually-augmented-data,speech,combined,48092,gpt4_combined,4586,bert-base-uncased,0.8320976886175316,0.8307713394062077,0.8428460716672037,0.8320976886175316,False,2
llms/counterfactually-augmented-data,speech,combined,48092,gpt4_orig,2293,bert-base-uncased,0.9415612734409071,0.937063300888146,0.9337733888747975,0.9408028875068569,False,2
llms/counterfactually-augmented-data,speech,combined,48092,gpt4_new,2293,bert-base-uncased,0.7226341037941562,0.6543779719245557,0.7174395611020679,0.6489798059574243,False,2
llms/counterfactually-augmented-data,speech,combined,48092,mistral_combined,4836,bert-base-uncased,0.7954921422663358,0.7936166994794898,0.806638046232981,0.7954921422663358,False,2
llms/counterfactually-augmented-data,speech,combined,48092,mistral_new,2418,bert-base-uncased,0.6435070306038048,0.6206118508422451,0.6602575951068692,0.6309745171497001,False,2
llms/counterfactually-augmented-data,speech,combined,48092,mistral_orig,2418,bert-base-uncased,0.9474772539288668,0.9473178665079212,0.9470801004882445,0.9476108797873042,False,2
llms/counterfactually-augmented-data,speech,combined,48092,mixtral_56b_orig,2448,bert-base-uncased,0.9501633986928104,0.9500180744668033,0.9498692392319779,0.9501873732652235,False,2
llms/counterfactually-augmented-data,speech,combined,48092,mixtral_56b_combined,4896,bert-base-uncased,0.8125,0.8114463062668489,0.8196450845812109,0.8125,False,2
llms/counterfactually-augmented-data,speech,combined,48092,mixtral_56b_new,2448,bert-base-uncased,0.6748366013071896,0.6607989973366755,0.6878003820555563,0.6653786707882534,False,2
llms/counterfactually-augmented-data,speech,combined,48092,counterfactually_orig,3006,bert-base-uncased,0.9434464404524284,0.9434460398947673,0.9434508513381966,0.9434445696224665,False,2
llms/counterfactually-augmented-data,speech,combined,48092,counterfactually_new,3006,bert-base-uncased,0.9401197604790419,0.9401159431838556,0.9402630170129915,0.9401320492871861,False,2
llms/counterfactually-augmented-data,speech,combined,48092,counterfactually_combined,6012,bert-base-uncased,0.9417831004657352,0.9417814510756127,0.9418331707805148,0.9417831004657352,False,2
llms/counterfactually-augmented-data,speech,orig,24046,gpt3.5_combined,3800,bert-base-uncased,0.6428947368421053,0.6428143700753722,0.6430234579542641,0.6428947368421053,False,2
llms/counterfactually-augmented-data,speech,orig,24046,gpt3.5_orig,1900,bert-base-uncased,0.7057894736842105,0.6919298141803943,0.6919051878354203,0.7133416860257715,False,2
llms/counterfactually-augmented-data,speech,orig,24046,gpt3.5_new,1900,bert-base-uncased,0.58,0.5538488700564972,0.5558462965338504,0.5611468047844024,False,2
llms/counterfactually-augmented-data,speech,orig,24046,gpt4_combined,4586,bert-base-uncased,0.7215438290449193,0.7164444142742052,0.7387159338506409,0.7215438290449193,False,2
llms/counterfactually-augmented-data,speech,orig,24046,gpt4_orig,2293,bert-base-uncased,0.6886175316179677,0.6780725433103194,0.6784316788497793,0.6925018340195761,False,2
llms/counterfactually-augmented-data,speech,orig,24046,gpt4_new,2293,bert-base-uncased,0.754470126471871,0.6924053639917949,0.7708015421928331,0.6820859246432749,False,2
llms/counterfactually-augmented-data,speech,orig,24046,mistral_combined,4836,bert-base-uncased,0.6937551695616212,0.6887542274656953,0.7070631178651625,0.6937551695616211,False,2
llms/counterfactually-augmented-data,speech,orig,24046,mistral_new,2418,bert-base-uncased,0.6778329197684037,0.6541296557954548,0.7086046193604807,0.6644485673793149,False,2
llms/counterfactually-augmented-data,speech,orig,24046,mistral_orig,2418,bert-base-uncased,0.7096774193548387,0.7096575557564035,0.711407169374695,0.711772977961372,False,2
llms/counterfactually-augmented-data,speech,orig,24046,mixtral_56b_orig,2448,bert-base-uncased,0.7120098039215687,0.7120097558647576,0.7143898575815315,0.7143696141905448,False,2
llms/counterfactually-augmented-data,speech,orig,24046,mixtral_56b_combined,4896,bert-base-uncased,0.7185457516339869,0.7149219947915398,0.7302531645569621,0.7185457516339869,False,2
llms/counterfactually-augmented-data,speech,orig,24046,mixtral_56b_new,2448,bert-base-uncased,0.7250816993464052,0.7104105866953015,0.7528995946527315,0.7145464066923998,False,2
llms/counterfactually-augmented-data,speech,orig,24046,counterfactually_orig,3006,bert-base-uncased,0.7075848303393214,0.7072924803126971,0.7083413320535381,0.7075440293403512,False,2
llms/counterfactually-augmented-data,speech,orig,24046,counterfactually_new,3006,bert-base-uncased,0.8616101131071191,0.8615070561300795,0.8627804399114902,0.8616479379195707,False,2
llms/counterfactually-augmented-data,speech,orig,24046,counterfactually_combined,6012,bert-base-uncased,0.7845974717232203,0.7844106032719964,0.7855876376655009,0.7845974717232203,False,2
llms/counterfactually-augmented-data,speech,combined,48092,gpt3.5_combined,3800,bert-base-uncased,0.6965789473684211,0.6946887025412668,0.7015708122396218,0.6965789473684211,False,3
llms/counterfactually-augmented-data,speech,combined,48092,gpt3.5_orig,1900,bert-base-uncased,0.9442105263157895,0.9376575586031332,0.9360237131040063,0.9393621874110507,False,3
llms/counterfactually-augmented-data,speech,combined,48092,gpt3.5_new,1900,bert-base-uncased,0.44894736842105265,0.4331688944699133,0.44825282221069845,0.441952516435041,False,3
llms/counterfactually-augmented-data,speech,combined,48092,gpt4_combined,4586,bert-base-uncased,0.8344962930658526,0.8332466456613742,0.8448329882515333,0.8344962930658526,False,3
llms/counterfactually-augmented-data,speech,combined,48092,gpt4_orig,2293,bert-base-uncased,0.9494112516354122,0.945294812562523,0.9435085045718219,0.9471959327724429,False,3
llms/counterfactually-augmented-data,speech,combined,48092,gpt4_new,2293,bert-base-uncased,0.719581334496293,0.6493844605204113,0.7137660911475809,0.6447322331418903,False,3
llms/counterfactually-augmented-data,speech,combined,48092,mistral_combined,4836,bert-base-uncased,0.7954921422663358,0.7938547402961105,0.8051885341769589,0.7954921422663358,False,3
llms/counterfactually-augmented-data,speech,combined,48092,mistral_new,2418,bert-base-uncased,0.6422663358147229,0.6198634898507949,0.6579869476444381,0.6299047208367208,False,3
llms/counterfactually-augmented-data,speech,combined,48092,mistral_orig,2418,bert-base-uncased,0.9487179487179487,0.9485036036760175,0.9487603726168414,0.9482796741447123,False,3
llms/counterfactually-augmented-data,speech,combined,48092,mixtral_56b_orig,2448,bert-base-uncased,0.9505718954248366,0.9503780597206202,0.9507053303622979,0.9501050040314047,False,3
llms/counterfactually-augmented-data,speech,combined,48092,mixtral_56b_combined,4896,bert-base-uncased,0.8110702614379085,0.8100143592529967,0.8181429611745344,0.8110702614379085,False,3
llms/counterfactually-augmented-data,speech,combined,48092,mixtral_56b_new,2448,bert-base-uncased,0.6715686274509803,0.6561737690369962,0.6860232821979972,0.661631205483782,False,3
llms/counterfactually-augmented-data,speech,combined,48092,counterfactually_orig,3006,bert-base-uncased,0.9447771124417831,0.9447746677710346,0.9448821686720315,0.9447876388055804,False,3
llms/counterfactually-augmented-data,speech,combined,48092,counterfactually_new,3006,bert-base-uncased,0.9434464404524284,0.9434464154177409,0.9434513519962213,0.9434489963501631,False,3
llms/counterfactually-augmented-data,speech,combined,48092,counterfactually_combined,6012,bert-base-uncased,0.9441117764471058,0.944111275454559,0.9441277012813157,0.9441117764471059,False,3
llms/counterfactually-augmented-data,speech,orig,24046,gpt3.5_combined,3800,bert-base-uncased,0.6318421052631579,0.6311296797533685,0.6328685794493806,0.6318421052631579,False,3
llms/counterfactually-augmented-data,speech,orig,24046,gpt3.5_orig,1900,bert-base-uncased,0.7226315789473684,0.7013675416073781,0.6972148222148222,0.7120042608675117,False,3
llms/counterfactually-augmented-data,speech,orig,24046,gpt3.5_new,1900,bert-base-uncased,0.5410526315789473,0.5258699633699633,0.5364000394778718,0.5407995465681248,False,3
llms/counterfactually-augmented-data,speech,orig,24046,gpt4_combined,4586,bert-base-uncased,0.7152202354993459,0.7128803451581975,0.722472418402372,0.7152202354993459,False,3
llms/counterfactually-augmented-data,speech,orig,24046,gpt4_orig,2293,bert-base-uncased,0.7043174880069778,0.6876955601517716,0.6849864760736583,0.6943643552512442,False,3
llms/counterfactually-augmented-data,speech,orig,24046,gpt4_new,2293,bert-base-uncased,0.726122982991714,0.6703740328709427,0.7121428771241239,0.6628927445524662,False,3
llms/counterfactually-augmented-data,speech,orig,24046,mistral_combined,4836,bert-base-uncased,0.6871381306865177,0.6852251519664619,0.6918006449187015,0.6871381306865179,False,3
llms/counterfactually-augmented-data,speech,orig,24046,mistral_new,2418,bert-base-uncased,0.6604631927212572,0.6453597293042188,0.6710640092797637,0.6503736733976401,False,3
llms/counterfactually-augmented-data,speech,orig,24046,mistral_orig,2418,bert-base-uncased,0.7138130686517783,0.7130826634475569,0.712939257716134,0.7133673727230779,False,3
llms/counterfactually-augmented-data,speech,orig,24046,mixtral_56b_orig,2448,bert-base-uncased,0.7169117647058824,0.7160736834970289,0.7160122392680532,0.7161469145690414,False,3
llms/counterfactually-augmented-data,speech,orig,24046,mixtral_56b_combined,4896,bert-base-uncased,0.7093545751633987,0.7081464741918543,0.7128793536042124,0.7093545751633987,False,3
llms/counterfactually-augmented-data,speech,orig,24046,mixtral_56b_new,2448,bert-base-uncased,0.701797385620915,0.69146408839779,0.7133104895476399,0.6935998435654226,False,3
llms/counterfactually-augmented-data,speech,orig,24046,counterfactually_orig,3006,bert-base-uncased,0.7105788423153693,0.7104854136776662,0.7108964024127244,0.710604004860547,False,3
llms/counterfactually-augmented-data,speech,orig,24046,counterfactually_new,3006,bert-base-uncased,0.7930805056553559,0.7929188014593009,0.7939190644168034,0.7930447254432814,False,3
llms/counterfactually-augmented-data,speech,orig,24046,counterfactually_combined,6012,bert-base-uncased,0.7518296739853626,0.7516988465083835,0.7523615414098183,0.7518296739853627,False,3
llms/counterfactually-augmented-data,speech,combined,48092,gpt3.5_combined,3800,bert-base-uncased,0.6955263157894737,0.6941920911311186,0.6989992103183564,0.6955263157894737,False,4
llms/counterfactually-augmented-data,speech,combined,48092,gpt3.5_orig,1900,bert-base-uncased,0.9405263157894737,0.9338650211881441,0.930339687194526,0.9377581472932677,False,4
llms/counterfactually-augmented-data,speech,combined,48092,gpt3.5_new,1900,bert-base-uncased,0.45052631578947366,0.4309967367507952,0.4436684983778756,0.4369154202883419,False,4
llms/counterfactually-augmented-data,speech,combined,48092,gpt4_combined,4586,bert-base-uncased,0.8288268643698212,0.8276622152419231,0.8379625937306967,0.8288268643698211,False,4
llms/counterfactually-augmented-data,speech,combined,48092,gpt4_orig,2293,bert-base-uncased,0.9415612734409071,0.9369357794248521,0.9343886694522425,0.9397371734288565,False,4
llms/counterfactually-augmented-data,speech,combined,48092,gpt4_new,2293,bert-base-uncased,0.7160924552987353,0.6497425410825592,0.7040651998107583,0.6446735775608531,False,4
llms/counterfactually-augmented-data,speech,combined,48092,mistral_combined,4836,bert-base-uncased,0.7925971877584781,0.7909210351799079,0.8022908573331908,0.7925971877584781,False,4
llms/counterfactually-augmented-data,speech,combined,48092,mistral_new,2418,bert-base-uncased,0.6381306865177833,0.6161196541838195,0.6521459467753774,0.6259544395860341,False,4
llms/counterfactually-augmented-data,speech,combined,48092,mistral_orig,2418,bert-base-uncased,0.9474772539288668,0.947287698866694,0.9472655968395403,0.9473101283206258,False,4
llms/counterfactually-augmented-data,speech,combined,48092,mixtral_56b_orig,2448,bert-base-uncased,0.9468954248366013,0.9467211687591577,0.9467211687591577,0.9467211687591577,False,4
llms/counterfactually-augmented-data,speech,combined,48092,mixtral_56b_combined,4896,bert-base-uncased,0.8065767973856209,0.8056115786022107,0.8127893097324521,0.8065767973856209,False,4
llms/counterfactually-augmented-data,speech,combined,48092,mixtral_56b_new,2448,bert-base-uncased,0.6662581699346405,0.6526229622374654,0.6768986938431361,0.6570767895553132,False,4
llms/counterfactually-augmented-data,speech,combined,48092,counterfactually_orig,3006,bert-base-uncased,0.9411177644710579,0.9411177058235882,0.9411248596714274,0.9411207589181962,False,4
llms/counterfactually-augmented-data,speech,combined,48092,counterfactually_new,3006,bert-base-uncased,0.9411177644710579,0.9411162982492662,0.9411817312460155,0.941126070991432,False,4
llms/counterfactually-augmented-data,speech,combined,48092,counterfactually_combined,6012,bert-base-uncased,0.9411177644710579,0.9411175298804781,0.9411247943202508,0.9411177644710579,False,4
llms/counterfactually-augmented-data,speech,orig,24046,gpt3.5_combined,3800,bert-base-uncased,0.6378947368421053,0.6375910562174676,0.6383584868951333,0.6378947368421053,False,4
llms/counterfactually-augmented-data,speech,orig,24046,gpt3.5_orig,1900,bert-base-uncased,0.6921052631578948,0.6797633792785729,0.6824285237512515,0.7038268258152887,False,4
llms/counterfactually-augmented-data,speech,orig,24046,gpt3.5_new,1900,bert-base-uncased,0.5836842105263158,0.5549219343911871,0.5559981684981685,0.560805612213824,False,4
llms/counterfactually-augmented-data,speech,orig,24046,gpt4_combined,4586,bert-base-uncased,0.7099869167030092,0.7036231429130644,0.7297167343040802,0.7099869167030092,False,4
llms/counterfactually-augmented-data,speech,orig,24046,gpt4_orig,2293,bert-base-uncased,0.6759703445268208,0.6673079540530475,0.6704358919255056,0.6847626018624386,False,4
llms/counterfactually-augmented-data,speech,orig,24046,gpt4_new,2293,bert-base-uncased,0.7440034888791975,0.6773816928466223,0.7569259847737524,0.669121388964159,False,4
llms/counterfactually-augmented-data,speech,orig,24046,mistral_combined,4836,bert-base-uncased,0.6809346567411083,0.6744019931170143,0.6967224912547636,0.6809346567411083,False,4
llms/counterfactually-augmented-data,speech,orig,24046,mistral_new,2418,bert-base-uncased,0.6654259718775848,0.6371496794994861,0.699974164837434,0.6509435905605239,False,4
llms/counterfactually-augmented-data,speech,orig,24046,mistral_orig,2418,bert-base-uncased,0.696443341604632,0.6964381496056529,0.6994560047072022,0.6992423534969567,False,4
llms/counterfactually-augmented-data,speech,orig,24046,mixtral_56b_orig,2448,bert-base-uncased,0.701797385620915,0.7017774799142367,0.7050083351453215,0.7045690147032431,False,4
llms/counterfactually-augmented-data,speech,orig,24046,mixtral_56b_combined,4896,bert-base-uncased,0.7058823529411765,0.7015482893668958,0.7185790181206688,0.7058823529411764,False,4
llms/counterfactually-augmented-data,speech,orig,24046,mixtral_56b_new,2448,bert-base-uncased,0.7099673202614379,0.6933415481551585,0.7380016920690672,0.6989371020494537,False,4
llms/counterfactually-augmented-data,speech,orig,24046,counterfactually_orig,3006,bert-base-uncased,0.6966067864271457,0.6960026968046413,0.6980761380897891,0.6965487017514348,False,4
llms/counterfactually-augmented-data,speech,orig,24046,counterfactually_new,3006,bert-base-uncased,0.833666001330672,0.8333446432777016,0.8363992283984358,0.8337259103012167,False,4
llms/counterfactually-augmented-data,speech,orig,24046,counterfactually_combined,6012,bert-base-uncased,0.7651363938789089,0.7646757216150587,0.7672289097496119,0.7651363938789089,False,4
llms/mistral-20240118,speech,combined,31912,gpt3.5_combined,3800,bert-base-uncased,0.6534210526315789,0.6533000197645175,0.6536355891981018,0.6534210526315789,False,1
llms/mistral-20240118,speech,combined,31912,gpt3.5_orig,1900,bert-base-uncased,0.7157894736842105,0.6967568947906027,0.6932121365724013,0.7103592030636483,False,1
llms/mistral-20240118,speech,combined,31912,gpt3.5_new,1900,bert-base-uncased,0.5910526315789474,0.5715871415201793,0.5758101463475744,0.5842441124083473,False,1
llms/mistral-20240118,speech,combined,31912,gpt4_combined,4586,bert-base-uncased,0.7695159180113389,0.7681106826380684,0.7762112116014346,0.7695159180113389,False,1
llms/mistral-20240118,speech,combined,31912,gpt4_orig,2293,bert-base-uncased,0.6982119494112516,0.6839559581570624,0.681774224368146,0.6933292081661787,False,1
llms/mistral-20240118,speech,combined,31912,gpt4_new,2293,bert-base-uncased,0.840819886611426,0.8158744678543434,0.8490676258992806,0.8006329845942356,False,1
llms/mistral-20240118,speech,combined,31912,mistral_combined,4836,bert-base-uncased,0.7785359801488834,0.7782183987115885,0.780140575772354,0.7785359801488834,False,1
llms/mistral-20240118,speech,combined,31912,mistral_new,2418,bert-base-uncased,0.8469809760132341,0.844620974240698,0.853609637037793,0.842611538968601,False,1
llms/mistral-20240118,speech,combined,31912,mistral_orig,2418,bert-base-uncased,0.7100909842845327,0.7094337377961324,0.7092947749769336,0.7098071070730153,False,1
llms/mistral-20240118,speech,combined,31912,mixtral_56b_orig,2448,bert-base-uncased,0.7148692810457516,0.7144482465188069,0.7143910256410256,0.7150118263469044,False,1
llms/mistral-20240118,speech,combined,31912,mixtral_56b_combined,4896,bert-base-uncased,0.778390522875817,0.7779462359321243,0.7806365220498177,0.778390522875817,False,1
llms/mistral-20240118,speech,combined,31912,mixtral_56b_new,2448,bert-base-uncased,0.8419117647058824,0.8392843783477968,0.850030956267237,0.8373381745906316,False,1
llms/mistral-20240118,speech,combined,31912,counterfactually_orig,3006,bert-base-uncased,0.7065868263473054,0.7065847481599101,0.7066003986880391,0.7065916188764523,False,1
llms/mistral-20240118,speech,combined,31912,counterfactually_new,3006,bert-base-uncased,0.8599467731204258,0.8599422936476641,0.8599759870797739,0.859940770383421,False,1
llms/mistral-20240118,speech,combined,31912,counterfactually_combined,6012,bert-base-uncased,0.7832667997338656,0.7832630519457722,0.7832863939448909,0.7832667997338656,False,1
llms/mixtral_56b-20240514,speech,combined,43666,gpt3.5_combined,3800,bert-base-uncased,0.6634210526315789,0.6625140240137083,0.6651969889037019,0.6634210526315789,False,5
llms/mixtral_56b-20240514,speech,combined,43666,gpt3.5_orig,1900,bert-base-uncased,0.7194736842105263,0.691622215746299,0.6886484132756574,0.6960123351368686,False,5
llms/mixtral_56b-20240514,speech,combined,43666,gpt3.5_new,1900,bert-base-uncased,0.6073684210526316,0.591541973716213,0.5971913006423158,0.6085769224554429,False,5
llms/mixtral_56b-20240514,speech,combined,43666,gpt4_combined,4586,bert-base-uncased,0.7782381160052333,0.7780342017625579,0.7792643276889997,0.7782381160052333,False,5
llms/mixtral_56b-20240514,speech,combined,43666,gpt4_orig,2293,bert-base-uncased,0.6916703009158308,0.6678549835448844,0.6666861869555669,0.6693072693266009,False,5
llms/mixtral_56b-20240514,speech,combined,43666,gpt4_new,2293,bert-base-uncased,0.8648059310946359,0.8484642409461844,0.8632042135020529,0.8388024843530042,False,5
llms/mixtral_56b-20240514,speech,combined,43666,mistral_combined,4836,bert-base-uncased,0.7768817204301075,0.7768801081057645,0.7768897239485475,0.7768817204301075,False,5
llms/mixtral_56b-20240514,speech,combined,43666,mistral_new,2418,bert-base-uncased,0.8651778329197684,0.8637445075554602,0.8685292539215796,0.8621281118850388,False,5
llms/mixtral_56b-20240514,speech,combined,43666,mistral_orig,2418,bert-base-uncased,0.6885856079404467,0.6849145026920866,0.6884477511275386,0.6845638966403726,False,5
llms/mixtral_56b-20240514,speech,combined,43666,mixtral_56b_orig,2448,bert-base-uncased,0.6883169934640523,0.6850585841172623,0.688159344125882,0.6847394587470769,False,5
llms/mixtral_56b-20240514,speech,combined,43666,mixtral_56b_combined,4896,bert-base-uncased,0.7883986928104575,0.7883710062884683,0.7885496917306891,0.7883986928104576,False,5
llms/mixtral_56b-20240514,speech,combined,43666,mixtral_56b_new,2448,bert-base-uncased,0.8884803921568627,0.8877828814087253,0.8895405877224389,0.8868722192012729,False,5
llms/mixtral_56b-20240514,speech,combined,43666,counterfactually_orig,3006,bert-base-uncased,0.6799733865602129,0.6785504193180196,0.6833750712851157,0.6800631251369519,False,5
llms/mixtral_56b-20240514,speech,combined,43666,counterfactually_new,3006,bert-base-uncased,0.8456420492348636,0.8452770579674134,0.8487798405288363,0.8455789163813272,False,5
llms/mixtral_56b-20240514,speech,combined,43666,counterfactually_combined,6012,bert-base-uncased,0.7628077178975382,0.762019483001923,0.7663363360668975,0.7628077178975383,False,5
llms/gpt3.5-20240313,speech,combined,39684,gpt3.5_combined,3800,bert-base-uncased,0.738421052631579,0.7382539992283164,0.7390312776328711,0.7384210526315789,False,1
llms/gpt3.5-20240313,speech,combined,39684,gpt3.5_orig,1900,bert-base-uncased,0.7326315789473684,0.7061885482938115,0.7029162497265231,0.7109670105937497,False,1
llms/gpt3.5-20240313,speech,combined,39684,gpt3.5_new,1900,bert-base-uncased,0.7442105263157894,0.7083794944739272,0.7123118791707321,0.7052817107109608,False,1
llms/gpt3.5-20240313,speech,combined,39684,gpt4_combined,4586,bert-base-uncased,0.7383340601831662,0.7367476916630071,0.7442207957610756,0.7383340601831662,False,1
llms/gpt3.5-20240313,speech,combined,39684,gpt4_orig,2293,bert-base-uncased,0.7126035761011775,0.691930072356587,0.6899496272415877,0.6947034836458327,False,1
llms/gpt3.5-20240313,speech,combined,39684,gpt4_new,2293,bert-base-uncased,0.7640645442651548,0.7151748344392148,0.7670977489013866,0.7031618662718844,False,1
llms/gpt3.5-20240313,speech,combined,39684,mistral_combined,4836,bert-base-uncased,0.7229114971050455,0.7217081744165493,0.7268347953216374,0.7229114971050454,False,1
llms/gpt3.5-20240313,speech,combined,39684,mistral_new,2418,bert-base-uncased,0.7328370554177006,0.7192465445656666,0.7586570743405276,0.7221852958625388,False,1
llms/gpt3.5-20240313,speech,combined,39684,mistral_orig,2418,bert-base-uncased,0.7129859387923904,0.7107200778909857,0.7123533083645444,0.7102314550328492,False,1
llms/gpt3.5-20240313,speech,combined,39684,mixtral_56b_orig,2448,bert-base-uncased,0.7185457516339869,0.7166734726410747,0.7179530014478227,0.7162393288313748,False,1
llms/gpt3.5-20240313,speech,combined,39684,mixtral_56b_combined,4896,bert-base-uncased,0.7393790849673203,0.7386868084542502,0.7419429265330905,0.7393790849673203,False,1
llms/gpt3.5-20240313,speech,combined,39684,mixtral_56b_new,2448,bert-base-uncased,0.7602124183006536,0.7517877367966402,0.7782740767840711,0.7521362427307476,False,1
llms/gpt3.5-20240313,speech,combined,39684,counterfactually_orig,3006,bert-base-uncased,0.7092481703260146,0.7085979037856793,0.7112510404226831,0.7093122857187124,False,1
llms/gpt3.5-20240313,speech,combined,39684,counterfactually_new,3006,bert-base-uncased,0.7914171656686627,0.7909702147622499,0.793797539549334,0.7913570355089962,False,1
llms/gpt3.5-20240313,speech,combined,39684,counterfactually_combined,6012,bert-base-uncased,0.7503326679973387,0.7497860471136386,0.7525394729864381,0.7503326679973387,False,1
llms/gpt4-20240318,speech,combined,42336,gpt3.5_combined,3800,bert-base-uncased,0.6544736842105263,0.6538978459660203,0.6555086134175503,0.6544736842105263,False,1
llms/gpt4-20240318,speech,combined,42336,gpt3.5_orig,1900,bert-base-uncased,0.716842105263158,0.6923589943612191,0.6885623455769485,0.6998686191085242,False,1
llms/gpt4-20240318,speech,combined,42336,gpt3.5_new,1900,bert-base-uncased,0.5921052631578947,0.5750163283200171,0.5807271828181174,0.5900934830354579,False,1
llms/gpt4-20240318,speech,combined,42336,gpt4_combined,4586,bert-base-uncased,0.7952464020933275,0.7949339872581801,0.7970566465511171,0.7952464020933275,False,1
llms/gpt4-20240318,speech,combined,42336,gpt4_orig,2293,bert-base-uncased,0.6890536415176625,0.6694806514120633,0.667219353106667,0.6739257767320745,False,1
llms/gpt4-20240318,speech,combined,42336,gpt4_new,2293,bert-base-uncased,0.9014391626689926,0.890084162657911,0.903306080941529,0.8807147884764088,False,1
llms/gpt4-20240318,speech,combined,42336,mistral_combined,4836,bert-base-uncased,0.760752688172043,0.7605192069284088,0.7617735502340948,0.760752688172043,False,1
llms/gpt4-20240318,speech,combined,42336,mistral_new,2418,bert-base-uncased,0.8279569892473119,0.824360643463393,0.8383940620782726,0.8223149348509151,False,1
llms/gpt4-20240318,speech,combined,42336,mistral_orig,2418,bert-base-uncased,0.6935483870967742,0.691542288557214,0.6924616929672927,0.6911989683812705,False,1
llms/gpt4-20240318,speech,combined,42336,mixtral_56b_orig,2448,bert-base-uncased,0.6924019607843137,0.6905965102509595,0.6914176412457637,0.6902910111727504,False,1
llms/gpt4-20240318,speech,combined,42336,mixtral_56b_combined,4896,bert-base-uncased,0.769812091503268,0.7697636734050954,0.7700392456956913,0.769812091503268,False,1
llms/gpt4-20240318,speech,combined,42336,mixtral_56b_new,2448,bert-base-uncased,0.8472222222222222,0.8455061810892082,0.851113456637536,0.8439551697074084,False,1
llms/gpt4-20240318,speech,combined,42336,counterfactually_orig,3006,bert-base-uncased,0.6882900864936793,0.6878946371728701,0.6893341189286948,0.6883386712291474,False,1
llms/gpt4-20240318,speech,combined,42336,counterfactually_new,3006,bert-base-uncased,0.866600133067199,0.8665617231983183,0.8669684765807797,0.8665790912370712,False,1
llms/gpt4-20240318,speech,combined,42336,counterfactually_combined,6012,bert-base-uncased,0.7774451097804391,0.7772912895586224,0.7782137352803307,0.7774451097804391,False,1
llms/mistral-20240118,speech,combined,31912,gpt3.5_combined,3800,bert-base-uncased,0.6563157894736842,0.6553611111111111,0.6580672268907564,0.6563157894736842,False,2
llms/mistral-20240118,speech,combined,31912,gpt3.5_orig,1900,bert-base-uncased,0.7231578947368421,0.697838246409675,0.6941433079965167,0.7042301663950798,False,2
llms/mistral-20240118,speech,combined,31912,gpt3.5_new,1900,bert-base-uncased,0.5894736842105263,0.5750537634408602,0.5831837990258908,0.593171673931769,False,2
llms/mistral-20240118,speech,combined,31912,gpt4_combined,4586,bert-base-uncased,0.7740950719581334,0.773629401606584,0.77636916456439,0.7740950719581334,False,2
llms/mistral-20240118,speech,combined,31912,gpt4_orig,2293,bert-base-uncased,0.7025730484081989,0.6817144555164778,0.6796895465013315,0.6847436007587223,False,2
llms/mistral-20240118,speech,combined,31912,gpt4_new,2293,bert-base-uncased,0.8456170955080681,0.8245238037590708,0.8465065258072262,0.8123698837462907,False,2
llms/mistral-20240118,speech,combined,31912,mistral_combined,4836,bert-base-uncased,0.7746071133167908,0.7745959717332015,0.7746614187021689,0.7746071133167908,False,2
llms/mistral-20240118,speech,combined,31912,mistral_new,2418,bert-base-uncased,0.8440860215053764,0.8423876800462262,0.8471664625869844,0.8408839346531608,False,2
llms/mistral-20240118,speech,combined,31912,mistral_orig,2418,bert-base-uncased,0.7051282051282052,0.7027340513670257,0.7044325078334011,0.7022697809320824,False,2
llms/mistral-20240118,speech,combined,31912,mixtral_56b_orig,2448,bert-base-uncased,0.7050653594771242,0.7028366981855354,0.7045003694151333,0.702410003241196,False,2
llms/mistral-20240118,speech,combined,31912,mixtral_56b_combined,4896,bert-base-uncased,0.7714460784313726,0.7714082290423935,0.7716259777732694,0.7714460784313726,False,2
llms/mistral-20240118,speech,combined,31912,mixtral_56b_new,2448,bert-base-uncased,0.8378267973856209,0.8357540942076318,0.8426492170111479,0.8341304621516719,False,2
llms/mistral-20240118,speech,combined,31912,counterfactually_orig,3006,bert-base-uncased,0.698270126413839,0.6976047993851038,0.7001451826173969,0.6983337796950426,False,2
llms/mistral-20240118,speech,combined,31912,counterfactually_new,3006,bert-base-uncased,0.8556220891550232,0.8554982492812595,0.8567520262140963,0.8555846489936941,False,2
llms/mistral-20240118,speech,combined,31912,counterfactually_combined,6012,bert-base-uncased,0.7769461077844312,0.776622011989847,0.7785627580050081,0.7769461077844311,False,2
llms/mixtral_56b-20240514,speech,combined,43666,gpt3.5_combined,3800,bert-base-uncased,0.6560526315789473,0.6545454305171754,0.6588244033900207,0.6560526315789473,False,2
llms/mixtral_56b-20240514,speech,combined,43666,gpt3.5_orig,1900,bert-base-uncased,0.7136842105263158,0.6826687265363365,0.6807728595731349,0.6850438329908979,False,2
llms/mixtral_56b-20240514,speech,combined,43666,gpt3.5_new,1900,bert-base-uncased,0.598421052631579,0.5848928128930913,0.5933118899733807,0.6045702403014924,False,2
llms/mixtral_56b-20240514,speech,combined,43666,gpt4_combined,4586,bert-base-uncased,0.7762756214566071,0.7761323897584635,0.7769844860978191,0.7762756214566071,False,2
llms/mixtral_56b-20240514,speech,combined,43666,gpt4_orig,2293,bert-base-uncased,0.6899258613170519,0.6642588706135,0.6638049004870916,0.6647486567045807,False,2
llms/mixtral_56b-20240514,speech,combined,43666,gpt4_new,2293,bert-base-uncased,0.8626253815961622,0.8461679845310754,0.8602728977313896,0.8368342178484802,False,2
llms/mixtral_56b-20240514,speech,combined,43666,mistral_combined,4836,bert-base-uncased,0.7758478081058726,0.7758476547534345,0.7758485629862137,0.7758478081058726,False,2
llms/mixtral_56b-20240514,speech,combined,43666,mistral_new,2418,bert-base-uncased,0.8626964433416047,0.8609628558127163,0.8675355197094328,0.8590862648590452,False,2
llms/mixtral_56b-20240514,speech,combined,43666,mistral_orig,2418,bert-base-uncased,0.6889991728701406,0.6849537601738704,0.689209726443769,0.6846531607743183,False,2
llms/mixtral_56b-20240514,speech,combined,43666,mixtral_56b_orig,2448,bert-base-uncased,0.6891339869281046,0.6854479348934794,0.6893852074203284,0.6851841186759848,False,2
llms/mixtral_56b-20240514,speech,combined,43666,mixtral_56b_combined,4896,bert-base-uncased,0.7857434640522876,0.7857009007114437,0.785970658037326,0.7857434640522876,False,2
llms/mixtral_56b-20240514,speech,combined,43666,mixtral_56b_new,2448,bert-base-uncased,0.8823529411764706,0.8815939034188469,0.8834729811778992,0.8806543465508051,False,2
llms/mixtral_56b-20240514,speech,combined,43666,counterfactually_orig,3006,bert-base-uncased,0.6783100465735197,0.6765298581497383,0.6824995109546166,0.6784099636786993,False,2
llms/mixtral_56b-20240514,speech,combined,43666,counterfactually_new,3006,bert-base-uncased,0.8260146373918829,0.8255141027611745,0.8296332409317517,0.8259448296927188,False,2
llms/mixtral_56b-20240514,speech,combined,43666,counterfactually_combined,6012,bert-base-uncased,0.7521623419827013,0.751147105533709,0.7563455580081407,0.7521623419827013,False,2
llms/gpt3.5-20240313,speech,combined,39684,gpt3.5_combined,3800,bert-base-uncased,0.7431578947368421,0.7431492856131743,0.7431904997789177,0.743157894736842,False,2
llms/gpt3.5-20240313,speech,combined,39684,gpt3.5_orig,1900,bert-base-uncased,0.7347368421052631,0.7024353318890136,0.7024353318890135,0.7024353318890135,False,2
llms/gpt3.5-20240313,speech,combined,39684,gpt3.5_new,1900,bert-base-uncased,0.751578947368421,0.723652033289946,0.7219421412317395,0.725607838604106,False,2
llms/gpt3.5-20240313,speech,combined,39684,gpt4_combined,4586,bert-base-uncased,0.7392062799825556,0.7386892097011022,0.7411147086412743,0.7392062799825556,False,2
llms/gpt3.5-20240313,speech,combined,39684,gpt4_orig,2293,bert-base-uncased,0.7169646750981248,0.690716338035487,0.6920186897745111,0.6895814469918774,False,2
llms/gpt3.5-20240313,speech,combined,39684,gpt4_new,2293,bert-base-uncased,0.7614478848669864,0.7211160064614177,0.7519046687841724,0.710711087391859,False,2
llms/gpt3.5-20240313,speech,combined,39684,mistral_combined,4836,bert-base-uncased,0.7241521918941274,0.7237695045956033,0.7254012676280166,0.7241521918941274,False,2
llms/gpt3.5-20240313,speech,combined,39684,mistral_new,2418,bert-base-uncased,0.7324234904880066,0.7222394540116878,0.7485481997677119,0.7234995385730922,False,2
llms/gpt3.5-20240313,speech,combined,39684,mistral_orig,2418,bert-base-uncased,0.7158808933002482,0.711934949931806,0.7171897055617986,0.7114076816593791,False,2
llms/gpt3.5-20240313,speech,combined,39684,mixtral_56b_orig,2448,bert-base-uncased,0.7136437908496732,0.7098203286818517,0.7151067481623906,0.7093993340815763,False,2
llms/gpt3.5-20240313,speech,combined,39684,mixtral_56b_combined,4896,bert-base-uncased,0.7379493464052288,0.7378972884773902,0.738138539394914,0.7379493464052287,False,2
llms/gpt3.5-20240313,speech,combined,39684,mixtral_56b_new,2448,bert-base-uncased,0.7622549019607843,0.7572936136461357,0.7698341146772448,0.7565527069342841,False,2
llms/gpt3.5-20240313,speech,combined,39684,counterfactually_orig,3006,bert-base-uncased,0.7049234863606121,0.7030463034787611,0.7104407777083122,0.7050305333542866,False,2
llms/gpt3.5-20240313,speech,combined,39684,counterfactually_new,3006,bert-base-uncased,0.7957418496340652,0.7946618973196007,0.801881074132383,0.7956467559832758,False,2
llms/gpt3.5-20240313,speech,combined,39684,counterfactually_combined,6012,bert-base-uncased,0.7503326679973387,0.7488816496427815,0.7562554752720204,0.7503326679973387,False,2
llms/mistral-20240118,speech,combined,31912,gpt3.5_combined,3800,bert-base-uncased,0.6410526315789473,0.6398010149394461,0.6430407795441573,0.6410526315789473,False,3
llms/mistral-20240118,speech,combined,31912,gpt3.5_orig,1900,bert-base-uncased,0.7194736842105263,0.6943230782001072,0.6906110223453945,0.701069940126608,False,3
llms/mistral-20240118,speech,combined,31912,gpt3.5_new,1900,bert-base-uncased,0.5626315789473684,0.5497808785332249,0.5612486647252548,0.568702138264405,False,3
llms/mistral-20240118,speech,combined,31912,gpt4_combined,4586,bert-base-uncased,0.7627562145660707,0.7622287433630343,0.7651086804883258,0.7627562145660707,False,3
llms/mistral-20240118,speech,combined,31912,gpt4_orig,2293,bert-base-uncased,0.6973397296118622,0.6765754362346268,0.6744994549709852,0.6798599040361648,False,3
llms/mistral-20240118,speech,combined,31912,gpt4_new,2293,bert-base-uncased,0.8281726995202792,0.804561462713947,0.8257629586381128,0.7931601809565982,False,3
llms/mistral-20240118,speech,combined,31912,mistral_combined,4836,bert-base-uncased,0.7706782464846981,0.7705934067682663,0.771079251294305,0.7706782464846982,False,3
llms/mistral-20240118,speech,combined,31912,mistral_new,2418,bert-base-uncased,0.8403639371381307,0.838001478791834,0.8462566844919786,0.8361206631363847,False,3
llms/mistral-20240118,speech,combined,31912,mistral_orig,2418,bert-base-uncased,0.7009925558312655,0.6989535093367232,0.7000186747175449,0.6985701259036277,False,3
llms/mistral-20240118,speech,combined,31912,mixtral_56b_orig,2448,bert-base-uncased,0.7013888888888888,0.6997474640277599,0.7004441886994357,0.6994480591665573,False,3
llms/mistral-20240118,speech,combined,31912,mixtral_56b_combined,4896,bert-base-uncased,0.7681781045751634,0.7680754594482426,0.7686537074386147,0.7681781045751634,False,3
llms/mistral-20240118,speech,combined,31912,mixtral_56b_new,2448,bert-base-uncased,0.8349673202614379,0.8327158372191836,0.8403723543425274,0.83105065640913,False,3
llms/mistral-20240118,speech,combined,31912,counterfactually_orig,3006,bert-base-uncased,0.6986027944111777,0.6980723180076629,0.7001108076472884,0.6986598081898889,False,3
llms/mistral-20240118,speech,combined,31912,counterfactually_new,3006,bert-base-uncased,0.7997338656021291,0.7993813856960409,0.8017327254501962,0.7996795049147745,False,3
llms/mistral-20240118,speech,combined,31912,counterfactually_combined,6012,bert-base-uncased,0.7491683300066534,0.748726851851852,0.750931843987851,0.7491683300066534,False,3
llms/gpt4-20240318,speech,combined,42336,gpt3.5_combined,3800,bert-base-uncased,0.6486842105263158,0.6474919080527148,0.650723402128352,0.6486842105263158,False,2
llms/gpt4-20240318,speech,combined,42336,gpt3.5_orig,1900,bert-base-uncased,0.7289473684210527,0.703662202166885,0.6999582906760702,0.7097520170136391,False,2
llms/gpt4-20240318,speech,combined,42336,gpt3.5_new,1900,bert-base-uncased,0.5684210526315789,0.554659157042388,0.5648111708879353,0.5726678027322751,False,2
llms/gpt4-20240318,speech,combined,42336,gpt4_combined,4586,bert-base-uncased,0.7980811164413432,0.7979606117403557,0.7987939690828274,0.7980811164413433,False,2
llms/gpt4-20240318,speech,combined,42336,gpt4_orig,2293,bert-base-uncased,0.7025730484081989,0.6804762332864756,0.6788697359242973,0.6826121726027217,False,2
llms/gpt4-20240318,speech,combined,42336,gpt4_new,2293,bert-base-uncased,0.8935891844744875,0.8821284348623358,0.8913005448093168,0.8751210287693233,False,2
llms/gpt4-20240318,speech,combined,42336,mistral_combined,4836,bert-base-uncased,0.7665425971877585,0.7664950612935901,0.7667598202864345,0.7665425971877585,False,2
llms/gpt4-20240318,speech,combined,42336,mistral_new,2418,bert-base-uncased,0.8320926385442514,0.8293598151114672,0.8388601043632478,0.8274682219683154,False,2
llms/gpt4-20240318,speech,combined,42336,mistral_orig,2418,bert-base-uncased,0.7009925558312655,0.698092151788559,0.70058824144384,0.6976177462591462,False,2
llms/gpt4-20240318,speech,combined,42336,mixtral_56b_orig,2448,bert-base-uncased,0.7038398692810458,0.7013616917452958,0.7034443406992427,0.700922669352484,False,2
llms/gpt4-20240318,speech,combined,42336,mixtral_56b_combined,4896,bert-base-uncased,0.7718545751633987,0.7718486264877906,0.7718829307824546,0.7718545751633987,False,2
llms/gpt4-20240318,speech,combined,42336,mixtral_56b_new,2448,bert-base-uncased,0.8398692810457516,0.838208794173186,0.8429640257157898,0.8368124847650401,False,2
llms/gpt4-20240318,speech,combined,42336,counterfactually_orig,3006,bert-base-uncased,0.6989354624085163,0.6980693365179025,0.7013760728171865,0.6990079703232175,False,2
llms/gpt4-20240318,speech,combined,42336,counterfactually_new,3006,bert-base-uncased,0.8333333333333334,0.833159606572865,0.8346281573557857,0.8332918696505762,False,2
llms/gpt4-20240318,speech,combined,42336,counterfactually_combined,6012,bert-base-uncased,0.7661343978709249,0.7657029102284576,0.7681094271769844,0.7661343978709247,False,2
llms/gpt3.5-20240313,speech,combined,39684,gpt3.5_combined,3800,bert-base-uncased,0.736578947368421,0.7362750244239223,0.7376745546437191,0.736578947368421,False,3
llms/gpt3.5-20240313,speech,combined,39684,gpt3.5_orig,1900,bert-base-uncased,0.7294736842105263,0.7053164935861227,0.7013198074755723,0.7124821790583582,False,3
llms/gpt3.5-20240313,speech,combined,39684,gpt3.5_new,1900,bert-base-uncased,0.7436842105263158,0.7069118812975698,0.7116509250873334,0.7033296417415862,False,3
llms/gpt3.5-20240313,speech,combined,39684,gpt4_combined,4586,bert-base-uncased,0.7389882250327082,0.7368540566488567,0.7470011479611895,0.7389882250327082,False,3
llms/gpt3.5-20240313,speech,combined,39684,gpt4_orig,2293,bert-base-uncased,0.7143480156999564,0.6966400070451368,0.6938526572921871,0.7019263814628537,False,3
llms/gpt3.5-20240313,speech,combined,39684,gpt4_new,2293,bert-base-uncased,0.7636284343654601,0.712497108328938,0.7698352319365753,0.7004236419993788,False,3
llms/gpt3.5-20240313,speech,combined,39684,mistral_combined,4836,bert-base-uncased,0.7229114971050455,0.7210409951235639,0.7290550216277663,0.7229114971050455,False,3
llms/gpt3.5-20240313,speech,combined,39684,mistral_new,2418,bert-base-uncased,0.7229114971050455,0.7068490552927348,0.752603739274859,0.7113712893586166,False,3
llms/gpt3.5-20240313,speech,combined,39684,mistral_orig,2418,bert-base-uncased,0.7229114971050455,0.7215350619063072,0.7219177950136062,0.7212960877590033,False,3
llms/gpt3.5-20240313,speech,combined,39684,mixtral_56b_orig,2448,bert-base-uncased,0.7226307189542484,0.7214556434159267,0.7217237989471601,0.7212752364599713,False,3
llms/gpt3.5-20240313,speech,combined,39684,mixtral_56b_combined,4896,bert-base-uncased,0.7432598039215687,0.7422986870752843,0.7469437872323341,0.7432598039215687,False,3
llms/gpt3.5-20240313,speech,combined,39684,mixtral_56b_new,2448,bert-base-uncased,0.7638888888888888,0.7553244543432925,0.78329098745058,0.7556607084021976,False,3
llms/gpt3.5-20240313,speech,combined,39684,counterfactually_orig,3006,bert-base-uncased,0.7135728542914171,0.7133215516195794,0.7143990744328057,0.713613515685003,False,3
llms/gpt3.5-20240313,speech,combined,39684,counterfactually_new,3006,bert-base-uncased,0.8100465735196274,0.8099016440866451,0.8109137258662575,0.8100112660219876,False,3
llms/gpt3.5-20240313,speech,combined,39684,counterfactually_combined,6012,bert-base-uncased,0.7618097139055223,0.7616145953321873,0.7626696950141965,0.7618097139055222,False,3
llms/mistral-20240118,speech,combined,31912,gpt3.5_combined,3800,bert-base-uncased,0.6471052631578947,0.6468937662177298,0.647458550971566,0.6471052631578947,False,4
llms/mistral-20240118,speech,combined,31912,gpt3.5_orig,1900,bert-base-uncased,0.6984210526315789,0.6764611921336711,0.6732184923439339,0.6871798600675425,False,4
llms/mistral-20240118,speech,combined,31912,gpt3.5_new,1900,bert-base-uncased,0.5957894736842105,0.5768467426594858,0.5810677424799822,0.5901413370025518,False,4
llms/mistral-20240118,speech,combined,31912,gpt4_combined,4586,bert-base-uncased,0.7599215002180549,0.7587246220409196,0.76518340862168,0.7599215002180549,False,4
llms/mistral-20240118,speech,combined,31912,gpt4_orig,2293,bert-base-uncased,0.6820758831225469,0.6664699322583175,0.664560559344732,0.6746077511285004,False,4
llms/mistral-20240118,speech,combined,31912,gpt4_new,2293,bert-base-uncased,0.837767117313563,0.8140441168776358,0.8407664216489537,0.800648268090703,False,4
llms/mistral-20240118,speech,combined,31912,mistral_combined,4836,bert-base-uncased,0.7659222497932175,0.765567958823465,0.7675395517071677,0.7659222497932175,False,4
llms/mistral-20240118,speech,combined,31912,mistral_new,2418,bert-base-uncased,0.8444995864350703,0.8417627401837928,0.8528726021220614,0.8396198171870537,False,4
llms/mistral-20240118,speech,combined,31912,mistral_orig,2418,bert-base-uncased,0.6873449131513648,0.6864385614385615,0.6863357359136388,0.6866018654830701,False,4
llms/mistral-20240118,speech,combined,31912,mixtral_56b_orig,2448,bert-base-uncased,0.6924019607843137,0.6915454204549049,0.6914684935722673,0.6916504383650444,False,4
llms/mistral-20240118,speech,combined,31912,mixtral_56b_combined,4896,bert-base-uncased,0.766952614379085,0.7667065697216621,0.7680835596873223,0.766952614379085,False,4
llms/mistral-20240118,speech,combined,31912,mixtral_56b_new,2448,bert-base-uncased,0.8415032679738562,0.8392787524366472,0.8474313618979603,0.8375142974239189,False,4
llms/mistral-20240118,speech,combined,31912,counterfactually_orig,3006,bert-base-uncased,0.6872920825016633,0.6872310242596193,0.6874722261973805,0.6873118917399474,False,4
llms/mistral-20240118,speech,combined,31912,counterfactually_new,3006,bert-base-uncased,0.8576180971390552,0.857599879577814,0.8577661056207193,0.8576045648416006,False,4
llms/mistral-20240118,speech,combined,31912,counterfactually_combined,6012,bert-base-uncased,0.7724550898203593,0.7724187212881335,0.7726293595090286,0.7724550898203593,False,4
llms/mixtral_56b-20240514,speech,combined,43666,gpt3.5_combined,3800,bert-base-uncased,0.6539473684210526,0.6517035821139996,0.658019320580897,0.6539473684210526,False,3
llms/mixtral_56b-20240514,speech,combined,43666,gpt3.5_orig,1900,bert-base-uncased,0.73,0.6984010334877893,0.697599889559421,0.6992614330585148,False,3
llms/mixtral_56b-20240514,speech,combined,43666,gpt3.5_new,1900,bert-base-uncased,0.5778947368421052,0.56635077833746,0.5784157404339767,0.5879636707597347,False,3
llms/mixtral_56b-20240514,speech,combined,43666,gpt4_combined,4586,bert-base-uncased,0.7847797645006541,0.7846753241192995,0.7853333531517358,0.7847797645006542,False,3
llms/mixtral_56b-20240514,speech,combined,43666,gpt4_orig,2293,bert-base-uncased,0.7069341474051462,0.6798444200658222,0.6810166903331878,0.6788222785462669,False,3
llms/mixtral_56b-20240514,speech,combined,43666,gpt4_new,2293,bert-base-uncased,0.8626253815961622,0.8452675381987028,0.8627449838350096,0.8344363611729795,False,3
llms/mixtral_56b-20240514,speech,combined,43666,mistral_combined,4836,bert-base-uncased,0.7857733664185277,0.7857572067585508,0.7858596123840027,0.7857733664185277,False,3
llms/mixtral_56b-20240514,speech,combined,43666,mistral_new,2418,bert-base-uncased,0.8664185277088503,0.86479457539939,0.8709802732561445,0.8629472819757861,False,3
llms/mixtral_56b-20240514,speech,combined,43666,mistral_orig,2418,bert-base-uncased,0.7051282051282052,0.7002970025945354,0.7070408870408871,0.7000141449319945,False,3
llms/mixtral_56b-20240514,speech,combined,43666,mixtral_56b_orig,2448,bert-base-uncased,0.7046568627450981,0.7004236442546009,0.7062166441850918,0.7001485324883009,False,3
llms/mixtral_56b-20240514,speech,combined,43666,mixtral_56b_combined,4896,bert-base-uncased,0.795751633986928,0.7956794892254316,0.7961699397083004,0.7957516339869282,False,3
llms/mixtral_56b-20240514,speech,combined,43666,mixtral_56b_new,2448,bert-base-uncased,0.8868464052287581,0.8860936892911142,0.8881440532960747,0.8850922401485057,False,3
llms/mixtral_56b-20240514,speech,combined,43666,counterfactually_orig,3006,bert-base-uncased,0.6949434464404525,0.6928697818959206,0.7005582137161084,0.6950540171447164,False,3
llms/mixtral_56b-20240514,speech,combined,43666,counterfactually_new,3006,bert-base-uncased,0.8060545575515635,0.8053643965817396,0.810279304029304,0.8059767463994103,False,3
llms/mixtral_56b-20240514,speech,combined,43666,counterfactually_combined,6012,bert-base-uncased,0.7504990019960079,0.7492399618404284,0.7556330297609367,0.750499001996008,False,3
llms/gpt4-20240318,speech,combined,42336,gpt3.5_combined,3800,bert-base-uncased,0.6523684210526316,0.6520497477780031,0.6529286652626312,0.6523684210526315,False,3
llms/gpt4-20240318,speech,combined,42336,gpt3.5_orig,1900,bert-base-uncased,0.71,0.6890658640413834,0.6854442018158833,0.7005578405306943,False,3
llms/gpt4-20240318,speech,combined,42336,gpt3.5_new,1900,bert-base-uncased,0.5947368421052631,0.5780354623266138,0.5838579499596449,0.5936290832795753,False,3
llms/gpt4-20240318,speech,combined,42336,gpt4_combined,4586,bert-base-uncased,0.7915394679459223,0.7910409404219583,0.7943484546744775,0.7915394679459224,False,3
llms/gpt4-20240318,speech,combined,42336,gpt4_orig,2293,bert-base-uncased,0.6846925425207152,0.6677361071444677,0.6655226830021266,0.6745185285545283,False,3
llms/gpt4-20240318,speech,combined,42336,gpt4_new,2293,bert-base-uncased,0.8983863933711296,0.886501667096851,0.9005504698361502,0.876733644180375,False,3
llms/gpt4-20240318,speech,combined,42336,mistral_combined,4836,bert-base-uncased,0.7595119933829612,0.7592384729888413,0.7606966652949965,0.7595119933829612,False,3
llms/gpt4-20240318,speech,combined,42336,mistral_new,2418,bert-base-uncased,0.8267162944582299,0.823407143914161,0.8355546524054971,0.8214456395157215,False,3
llms/gpt4-20240318,speech,combined,42336,mistral_orig,2418,bert-base-uncased,0.6923076923076923,0.6908151585460172,0.691115446464958,0.6906304245127552,False,3
llms/gpt4-20240318,speech,combined,42336,mixtral_56b_orig,2448,bert-base-uncased,0.6924019607843137,0.6914070301535997,0.6913982382659878,0.691416054366373,False,3
llms/gpt4-20240318,speech,combined,42336,mixtral_56b_combined,4896,bert-base-uncased,0.7649101307189542,0.764698012756748,0.7658688230550679,0.7649101307189543,False,3
llms/gpt4-20240318,speech,combined,42336,mixtral_56b_new,2448,bert-base-uncased,0.8374183006535948,0.8351684715783091,0.8430555555555556,0.8334628025897423,False,3
llms/gpt4-20240318,speech,combined,42336,counterfactually_orig,3006,bert-base-uncased,0.6882900864936793,0.6881699585554697,0.6886277938782098,0.6883174229362042,False,3
llms/gpt4-20240318,speech,combined,42336,counterfactually_new,3006,bert-base-uncased,0.9121756487025948,0.9121742490946108,0.91218946845579,0.9121719518106423,False,3
llms/gpt4-20240318,speech,combined,42336,counterfactually_combined,6012,bert-base-uncased,0.800232867598137,0.80020500232117,0.8004004542135168,0.800232867598137,False,3
llms/gpt3.5-20240313,speech,combined,39684,gpt3.5_combined,3800,bert-base-uncased,0.7378947368421053,0.7373691113100318,0.7398145821116416,0.7378947368421053,False,4
llms/gpt3.5-20240313,speech,combined,39684,gpt3.5_orig,1900,bert-base-uncased,0.7089473684210527,0.6850864281451869,0.6813956197576887,0.6935413302905669,False,4
llms/gpt3.5-20240313,speech,combined,39684,gpt3.5_new,1900,bert-base-uncased,0.7673684210526316,0.7315529778504037,0.7398839885440998,0.7258129270345084,False,4
llms/gpt3.5-20240313,speech,combined,39684,gpt4_combined,4586,bert-base-uncased,0.7293938072394244,0.7271377638756157,0.7372398681342891,0.7293938072394244,False,4
llms/gpt3.5-20240313,speech,combined,39684,gpt4_orig,2293,bert-base-uncased,0.688181421718273,0.6694388589063162,0.667114534483713,0.6745771841355654,False,4
llms/gpt3.5-20240313,speech,combined,39684,gpt4_new,2293,bert-base-uncased,0.7706061927605756,0.7214816833237885,0.7791582155709549,0.7085338087464559,False,4
llms/gpt3.5-20240313,speech,combined,39684,mistral_combined,4836,bert-base-uncased,0.7142266335814723,0.7122778353411836,0.72019225360036,0.7142266335814722,False,4
llms/gpt3.5-20240313,speech,combined,39684,mistral_new,2418,bert-base-uncased,0.7315963606286187,0.7162112968838583,0.762475431428616,0.720163119905078,False,4
llms/gpt3.5-20240313,speech,combined,39684,mistral_orig,2418,bert-base-uncased,0.6968569065343259,0.6954387310660246,0.6956927286152034,0.6952714728307442,False,4
llms/gpt3.5-20240313,speech,combined,39684,mixtral_56b_orig,2448,bert-base-uncased,0.6997549019607843,0.6985463617661463,0.69872752357388,0.6984181089095385,False,4
llms/gpt3.5-20240313,speech,combined,39684,mixtral_56b_combined,4896,bert-base-uncased,0.735702614379085,0.7346797105333691,0.7393944160013883,0.735702614379085,False,4
llms/gpt3.5-20240313,speech,combined,39684,mixtral_56b_new,2448,bert-base-uncased,0.7716503267973857,0.763329893360853,0.7920618774849557,0.7634241761067613,False,4
llms/gpt3.5-20240313,speech,combined,39684,counterfactually_orig,3006,bert-base-uncased,0.6899534264803726,0.6896874846316446,0.6906769665055317,0.6899936033784786,False,4
llms/gpt3.5-20240313,speech,combined,39684,counterfactually_new,3006,bert-base-uncased,0.8596141051230871,0.8595463966836736,0.8602389537866871,0.8595864108313174,False,4
llms/gpt3.5-20240313,speech,combined,39684,counterfactually_combined,6012,bert-base-uncased,0.7747837658017299,0.7746358930187649,0.7755068617181813,0.7747837658017299,False,4
llms/gpt4-20240318,speech,combined,42336,gpt3.5_combined,3800,bert-base-uncased,0.6584210526315789,0.6578591265266417,0.659468686807849,0.658421052631579,False,4
llms/gpt4-20240318,speech,combined,42336,gpt3.5_orig,1900,bert-base-uncased,0.7231578947368421,0.6988307618129218,0.6949237988133555,0.7061753990834412,False,4
llms/gpt4-20240318,speech,combined,42336,gpt3.5_new,1900,bert-base-uncased,0.5936842105263158,0.5761923418753634,0.5815067584663347,0.5908920849538427,False,4
llms/gpt4-20240318,speech,combined,42336,gpt4_combined,4586,bert-base-uncased,0.7924116877453118,0.7921586975328143,0.7938423802078227,0.7924116877453118,False,4
llms/gpt4-20240318,speech,combined,42336,gpt4_orig,2293,bert-base-uncased,0.6916703009158308,0.6712104756660613,0.6690700137037497,0.6749022682361028,False,4
llms/gpt4-20240318,speech,combined,42336,gpt4_new,2293,bert-base-uncased,0.8931530745747929,0.881028795908535,0.8930624396131053,0.8723828044968177,False,4
llms/gpt4-20240318,speech,combined,42336,mistral_combined,4836,bert-base-uncased,0.760752688172043,0.760571593208105,0.76154397769099,0.760752688172043,False,4
llms/gpt4-20240318,speech,combined,42336,mistral_new,2418,bert-base-uncased,0.8283705541770058,0.8250929945689185,0.8372878403746782,0.8231059524071104,False,4
llms/gpt4-20240318,speech,combined,42336,mistral_orig,2418,bert-base-uncased,0.6927212572373863,0.690667993591504,0.6916407673346908,0.6903186866911296,False,4
llms/gpt4-20240318,speech,combined,42336,mixtral_56b_orig,2448,bert-base-uncased,0.6952614379084967,0.6932953192724303,0.6943776563448695,0.6929489257176839,False,4
llms/gpt4-20240318,speech,combined,42336,mixtral_56b_combined,4896,bert-base-uncased,0.7706290849673203,0.7705835190647772,0.7708442615435718,0.7706290849673203,False,4
llms/gpt4-20240318,speech,combined,42336,mixtral_56b_new,2448,bert-base-uncased,0.8459967320261438,0.8441706589419734,0.8503329450173304,0.8425615894181651,False,4
llms/gpt4-20240318,speech,combined,42336,counterfactually_orig,3006,bert-base-uncased,0.6942781104457751,0.6937982403879459,0.6955993847711248,0.6943320178574195,False,4
llms/gpt4-20240318,speech,combined,42336,counterfactually_new,3006,bert-base-uncased,0.8369926813040586,0.8368591504368321,0.8380112728818052,0.8369560935013424,False,4
llms/gpt4-20240318,speech,combined,42336,counterfactually_combined,6012,bert-base-uncased,0.7656353958749168,0.765362581625749,0.766876591545196,0.7656353958749169,False,4
llms/mixtral_56b-20240514,speech,combined,43666,gpt3.5_combined,3800,bert-base-uncased,0.6605263157894737,0.659813054018245,0.6618839888214846,0.6605263157894736,False,4
llms/mixtral_56b-20240514,speech,combined,43666,gpt3.5_orig,1900,bert-base-uncased,0.7073684210526315,0.6799625794943385,0.6767980594011982,0.6853508441564091,False,4
llms/mixtral_56b-20240514,speech,combined,43666,gpt3.5_new,1900,bert-base-uncased,0.6136842105263158,0.5974106803661352,0.6022585629007986,0.6141056093550156,False,4
llms/mixtral_56b-20240514,speech,combined,43666,gpt4_combined,4586,bert-base-uncased,0.7697339729611862,0.7692863545725628,0.7718436394549022,0.7697339729611863,False,4
llms/mixtral_56b-20240514,speech,combined,43666,gpt4_orig,2293,bert-base-uncased,0.6833842128216311,0.6615023302344875,0.6596708492365646,0.6644388561005108,False,4
llms/mixtral_56b-20240514,speech,combined,43666,gpt4_new,2293,bert-base-uncased,0.8560837331007414,0.8369773165598937,0.8575288308818452,0.8250679909059064,False,4
llms/mixtral_56b-20240514,speech,combined,43666,mistral_combined,4836,bert-base-uncased,0.7760545905707196,0.7759886042805719,0.7763802401951425,0.7760545905707197,False,4
llms/mixtral_56b-20240514,speech,combined,43666,mistral_new,2418,bert-base-uncased,0.8647642679900744,0.8627767963550428,0.8713958209732017,0.8606353409065941,False,4
llms/mixtral_56b-20240514,speech,combined,43666,mistral_orig,2418,bert-base-uncased,0.6873449131513648,0.6850141122709555,0.6862966380686353,0.6846469809496605,False,4
llms/mixtral_56b-20240514,speech,combined,43666,mixtral_56b_orig,2448,bert-base-uncased,0.6854575163398693,0.6831701807228916,0.6845798752241179,0.6828315729978919,False,4
llms/mixtral_56b-20240514,speech,combined,43666,mixtral_56b_combined,4896,bert-base-uncased,0.7839052287581699,0.783902920916324,0.7839173573137389,0.7839052287581699,False,4
llms/mixtral_56b-20240514,speech,combined,43666,mixtral_56b_new,2448,bert-base-uncased,0.8823529411764706,0.8813595829922889,0.8848473339392049,0.8799980713545252,False,4
llms/mixtral_56b-20240514,speech,combined,43666,counterfactually_orig,3006,bert-base-uncased,0.677977378576181,0.6770852568928536,0.6800890477292785,0.6780485213622811,False,4
llms/mixtral_56b-20240514,speech,combined,43666,counterfactually_new,3006,bert-base-uncased,0.8473053892215568,0.847177377953533,0.8483819940100827,0.847268377006691,False,4
llms/mixtral_56b-20240514,speech,combined,43666,counterfactually_combined,6012,bert-base-uncased,0.7626413838988689,0.7622465439713244,0.7643977374804911,0.7626413838988689,False,4
